# threads,tag,k,B,shots,shots_per_s,mshot_layer
1,batched,12,256,256,2658.2,0.011
1,batched,12,1024,1024,2655.5,0.011
1,batched,12,4096,4096,2612.5,0.010
1,batched,12,16384,16384,2614.3,0.010
1,batched,16,256,256,148.8,0.001
1,batched,16,1024,1024,149.4,0.001
1,batched,18,256,256,27.1,0.000
1,batchedmeas,12,256,256,2474.2,0.010
1,batchedmeas,12,1024,1024,2503.0,0.010
1,batchedmeas,12,4096,4096,2463.9,0.010
1,batchedmeas,12,16384,16384,2460.4,0.010
1,batchedmeas,16,256,256,145.3,0.001
1,batchedmeas,16,1024,1024,146.0,0.001
1,batchedmeas,18,256,256,26.1,0.000
1,batchedreal,12,256,256,12024.4,0.048
1,batchedreal,12,1024,1024,12020.3,0.048
1,batchedreal,12,4096,4096,11787.8,0.047
1,batchedreal,12,16384,16384,11784.6,0.047
1,batchedreal,16,256,256,851.6,0.003
1,batchedreal,16,1024,1024,862.9,0.003
1,batchedreal,18,256,256,153.7,0.001
2,batched,12,256,256,4895.9,0.020
2,batched,12,1024,1024,4888.7,0.020
2,batched,12,4096,4096,4871.7,0.019
2,batched,12,16384,16384,4830.3,0.019
2,batched,16,256,256,289.0,0.001
2,batched,16,1024,1024,296.2,0.001
2,batched,18,256,256,49.0,0.000
2,batchedmeas,12,256,256,4589.8,0.018
2,batchedmeas,12,1024,1024,4605.8,0.018
2,batchedmeas,12,4096,4096,4595.2,0.018
2,batchedmeas,12,16384,16384,4595.0,0.018
2,batchedmeas,16,256,256,288.7,0.001
2,batchedmeas,16,1024,1024,290.2,0.001
2,batchedmeas,18,256,256,47.2,0.000
2,batchedreal,12,256,256,20307.8,0.081
2,batchedreal,12,1024,1024,20772.9,0.083
2,batchedreal,12,4096,4096,20479.6,0.082
2,batchedreal,12,16384,16384,20394.6,0.082
2,batchedreal,16,256,256,1647.3,0.007
2,batchedreal,16,1024,1024,1653.5,0.007
2,batchedreal,18,256,256,270.7,0.001
4,batched,12,256,256,9387.5,0.038
4,batched,12,1024,1024,9468.9,0.038
4,batched,12,4096,4096,9418.2,0.038
4,batched,12,16384,16384,9324.5,0.037
4,batched,16,256,256,562.7,0.002
4,batched,16,1024,1024,572.5,0.002
4,batched,18,256,256,96.7,0.000
4,batchedmeas,12,256,256,8959.2,0.036
4,batchedmeas,12,1024,1024,8894.3,0.036
4,batchedmeas,12,4096,4096,8867.1,0.035
4,batchedmeas,12,16384,16384,8864.1,0.035
4,batchedmeas,16,256,256,566.8,0.002
4,batchedmeas,16,1024,1024,575.2,0.002
4,batchedmeas,18,256,256,93.0,0.000
4,batchedreal,12,256,256,38795.4,0.155
4,batchedreal,12,1024,1024,39395.0,0.158
4,batchedreal,12,4096,4096,39185.1,0.157
4,batchedreal,12,16384,16384,38850.8,0.155
4,batchedreal,16,256,256,3218.6,0.013
4,batchedreal,16,1024,1024,3220.8,0.013
4,batchedreal,18,256,256,531.9,0.002
8,batched,12,256,256,18408.2,0.074
8,batched,12,1024,1024,18592.1,0.074
8,batched,12,4096,4096,18506.5,0.074
8,batched,12,16384,16384,18524.4,0.074
8,batched,16,256,256,1176.3,0.005
8,batched,16,1024,1024,1179.9,0.005
8,batched,18,256,256,193.6,0.001
8,batchedmeas,12,256,256,17616.7,0.070
8,batchedmeas,12,1024,1024,17546.3,0.070
8,batchedmeas,12,4096,4096,17489.4,0.070
8,batchedmeas,12,16384,16384,17499.0,0.070
8,batchedmeas,16,256,256,1146.4,0.005
8,batchedmeas,16,1024,1024,1152.4,0.005
8,batchedmeas,18,256,256,186.5,0.001
8,batchedreal,12,256,256,76519.9,0.306
8,batchedreal,12,1024,1024,76850.5,0.307
8,batchedreal,12,4096,4096,75789.3,0.303
8,batchedreal,12,16384,16384,75443.9,0.302
8,batchedreal,16,256,256,6325.0,0.025
8,batchedreal,16,1024,1024,6371.7,0.025
8,batchedreal,18,256,256,1052.5,0.004
16,batched,12,256,256,35777.7,0.143
16,batched,12,1024,1024,36691.6,0.147
16,batched,12,4096,4096,36722.3,0.147
16,batched,12,16384,16384,36611.0,0.146
16,batched,16,256,256,2342.6,0.009
16,batched,16,1024,1024,2331.4,0.009
16,batched,18,256,256,366.8,0.001
16,batchedmeas,12,256,256,34747.4,0.139
16,batchedmeas,12,1024,1024,34522.4,0.138
16,batchedmeas,12,4096,4096,34552.9,0.138
16,batchedmeas,12,16384,16384,34627.4,0.139
16,batchedmeas,16,256,256,2294.1,0.009
16,batchedmeas,16,1024,1024,2290.6,0.009
16,batchedmeas,18,256,256,353.9,0.001
16,batchedreal,12,256,256,149718.7,0.599
16,batchedreal,12,1024,1024,151658.9,0.607
16,batchedreal,12,4096,4096,148533.1,0.594
16,batchedreal,12,16384,16384,149153.6,0.597
16,batchedreal,16,256,256,12309.9,0.049
16,batchedreal,16,1024,1024,12575.5,0.050
16,batchedreal,18,256,256,1925.6,0.008
24,batched,12,256,256,51589.7,0.206
24,batched,12,1024,1024,54277.9,0.217
24,batched,12,4096,4096,54522.4,0.218
24,batched,12,16384,16384,53904.5,0.216
24,batched,16,256,256,3380.0,0.014
24,batched,16,1024,1024,3492.5,0.014
24,batched,18,256,256,477.6,0.002
24,batchedmeas,12,256,256,48868.6,0.195
24,batchedmeas,12,1024,1024,51226.8,0.205
24,batchedmeas,12,4096,4096,51396.8,0.206
24,batchedmeas,12,16384,16384,51500.6,0.206
24,batchedmeas,16,256,256,3332.6,0.013
24,batchedmeas,16,1024,1024,3411.7,0.014
24,batchedmeas,18,256,256,461.7,0.002
24,batchedreal,12,256,256,208494.7,0.834
24,batchedreal,12,1024,1024,222045.5,0.888
24,batchedreal,12,4096,4096,217858.4,0.871
24,batchedreal,12,16384,16384,219121.4,0.876
24,batchedreal,16,256,256,17803.1,0.071
24,batchedreal,16,1024,1024,18364.6,0.073
24,batchedreal,18,256,256,2344.8,0.009
32,batched,12,256,256,69124.8,0.276
32,batched,12,1024,1024,70200.0,0.281
32,batched,12,4096,4096,70929.8,0.284
32,batched,12,16384,16384,71062.9,0.284
32,batched,16,256,256,4623.3,0.018
32,batched,16,1024,1024,4623.3,0.018
32,batched,18,256,256,542.8,0.002
32,batchedmeas,12,256,256,66072.6,0.264
32,batchedmeas,12,1024,1024,66299.7,0.265
32,batchedmeas,12,4096,4096,66884.8,0.268
32,batchedmeas,12,16384,16384,67044.9,0.268
32,batchedmeas,16,256,256,4523.3,0.018
32,batchedmeas,16,1024,1024,4526.0,0.018
32,batchedmeas,18,256,256,517.5,0.002
32,batchedreal,12,256,256,255715.6,1.023
32,batchedreal,12,1024,1024,275889.5,1.104
32,batchedreal,12,4096,4096,274465.1,1.098
32,batchedreal,12,16384,16384,276308.8,1.105
32,batchedreal,16,256,256,23696.4,0.095
32,batchedreal,16,1024,1024,23851.0,0.095
32,batchedreal,18,256,256,2498.3,0.010
48,batched,12,256,256,86004.7,0.344
48,batched,12,1024,1024,90773.9,0.363
48,batched,12,4096,4096,92566.9,0.370
48,batched,12,16384,16384,92814.2,0.371
48,batched,16,256,256,6158.6,0.025
48,batched,16,1024,1024,6720.8,0.027
48,batched,18,256,256,660.7,0.003
48,batchedmeas,12,256,256,80606.5,0.322
48,batchedmeas,12,1024,1024,84846.6,0.339
48,batchedmeas,12,4096,4096,86541.8,0.346
48,batchedmeas,12,16384,16384,86721.3,0.347
48,batchedmeas,16,256,256,5896.8,0.024
48,batchedmeas,16,1024,1024,6605.8,0.026
48,batchedmeas,18,256,256,564.0,0.002
48,batchedreal,12,256,256,297192.0,1.189
48,batchedreal,12,1024,1024,312910.6,1.252
48,batchedreal,12,4096,4096,317501.2,1.270
48,batchedreal,12,16384,16384,319802.5,1.279
48,batchedreal,16,256,256,30333.9,0.121
48,batchedreal,16,1024,1024,32135.1,0.129
48,batchedreal,18,256,256,2593.7,0.010
